x_pre;x_post;y_pre;y_post;r_pre;r_post;sz_pre;sz_post
383.5;382.5;657.5;666.5;6.900000095367432;6.900000095367432;0.0;0.0
518.5;518.5;657.5;667.5;6.199999809265137;6.900000095367432;0.0;0.0
202.5;201.5;656.5;665.5;6.900000095367432;6.900000095367432;0.0;0.0
21.5;20.5;655.5;664.5;6.599999904632568;6.900000095367432;0.0;0.0
66.5;65.5;655.5;664.5;6.900000095367432;6.900000095367432;0.0;0.0
247.5;246.5;656.5;666.5;6.900000095367432;7.0;0.0;0.0
338.5;337.5;657.5;666.5;23.0;22.899999618530273;1.0;1.0
564.5;563.5;657.5;667.5;21.799999237060547;22.899999618530273;1.0;1.0
112.5;111.5;655.5;664.5;22.299999237060547;22.100000381469727;1.0;1.0
