x_pre;x_post;y_pre;y_post;r_pre;r_post;sz_pre;sz_post
157.5;200.5;645.5;667.5;6.900000095367432;6.599999904632568;0.0;0.0
384.5;381.5;645.5;668.5;6.199999809265137;6.900000095367432;0.0;0.0
157.5;155.5;645.5;667.5;6.900000095367432;6.900000095367432;0.0;0.0
67.5;64.5;645.5;666.5;6.599999904632568;6.900000095367432;0.0;0.0
519.5;517.5;645.5;669.5;6.900000095367432;6.900000095367432;0.0;0.0
22.5;19.5;645.5;666.5;6.599999904632568;6.900000095367432;0.0;0.0
338.5;336.5;646.5;668.5;22.100000381469727;22.700000762939453;1.0;1.0
564.5;562.5;645.5;669.5;22.899999618530273;22.799999237060547;1.0;1.0
112.5;109.5;645.5;667.5;22.700000762939453;22.100000381469727;1.0;1.0
