x_pre;x_post;y_pre;y_post;r_pre;r_post;sz_pre;sz_post
114.5;113.5;753.5;757.5;6.900000095367432;6.599999904632568;0.0;0.0
69.5;23.5;753.5;756.5;6.599999904632568;6.599999904632568;0.0;0.0
340.5;384.5;754.5;759.5;6.900000095367432;6.900000095367432;0.0;0.0
114.5;158.5;753.5;757.5;6.900000095367432;6.900000095367432;0.0;0.0
295.5;294.5;754.5;758.5;6.900000095367432;6.900000095367432;0.0;0.0
69.5;68.5;753.5;757.5;6.599999904632568;6.900000095367432;0.0;0.0
250.5;248.5;754.5;758.5;7.0;7.0;0.0;0.0
430.5;429.5;755.5;759.5;21.799999237060547;22.899999618530273;1.0;1.0
204.5;203.5;754.5;758.5;22.899999618530273;22.899999618530273;1.0;1.0
