x_pre;x_post;y_pre;y_post;r_pre;r_post;sz_pre;sz_post
114.5;95.5;641.5;651.5;7.0;6.900000095367432;0.0;0.0
430.5;412.5;641.5;651.5;6.199999809265137;6.900000095367432;0.0;0.0
521.5;547.5;641.5;651.5;6.900000095367432;6.900000095367432;0.0;0.0
159.5;140.5;641.5;651.5;6.900000095367432;6.900000095367432;0.0;0.0
340.5;321.5;641.5;651.5;7.0;6.900000095367432;0.0;0.0
385.5;367.5;641.5;651.5;6.900000095367432;6.199999809265137;0.0;0.0
204.5;186.5;641.5;651.5;6.900000095367432;6.199999809265137;0.0;0.0
