x_pre;x_post;y_pre;y_post;r_pre;r_post;sz_pre;sz_post
169.5;150.5;616.5;626.5;6.900000095367432;6.900000095367432;0.0;0.0
214.5;195.5;616.5;626.5;6.900000095367432;6.199999809265137;0.0;0.0
440.5;422.5;616.5;626.5;6.199999809265137;6.199999809265137;0.0;0.0
486.5;467.5;616.5;627.5;6.199999809265137;7.0;0.0;0.0
33.5;14.5;616.5;626.5;6.900000095367432;7.0;0.0;0.0
259.5;241.5;616.5;626.5;6.199999809265137;6.199999809265137;0.0;0.0
395.5;376.5;616.5;627.5;7.0;6.199999809265137;0.0;0.0
