x_pre;x_post;y_pre;y_post;r_pre;r_post;sz_pre;sz_post
383.5;384.5;657.5;651.5;6.900000095367432;6.900000095367432;0.0;0.0
157.5;158.5;656.5;650.5;6.199999809265137;6.900000095367432;0.0;0.0
473.5;475.5;658.5;651.5;6.900000095367432;6.900000095367432;0.0;0.0
66.5;22.5;656.5;650.5;6.900000095367432;6.900000095367432;0.0;0.0
292.5;294.5;657.5;651.5;6.900000095367432;6.199999809265137;0.0;0.0
202.5;203.5;657.5;650.5;6.900000095367432;7.0;0.0;0.0
564.5;565.5;658.5;651.5;22.899999618530273;22.700000762939453;1.0;1.0
338.5;339.5;657.5;651.5;23.0;22.899999618530273;1.0;1.0
111.5;113.5;656.5;650.5;22.899999618530273;22.899999618530273;1.0;1.0
