x_pre;x_post;y_pre;y_post;r_pre;r_post;sz_pre;sz_post
23.5;24.5;760.5;754.5;6.900000095367432;6.900000095367432;0.0;0.0
158.5;159.5;761.5;755.5;6.599999904632568;6.900000095367432;0.0;0.0
339.5;340.5;762.5;755.5;6.900000095367432;6.900000095367432;0.0;0.0
474.5;475.5;762.5;755.5;6.900000095367432;6.900000095367432;0.0;0.0
68.5;69.5;760.5;754.5;6.900000095367432;6.900000095367432;0.0;0.0
293.5;249.5;762.5;755.5;6.199999809265137;6.900000095367432;0.0;0.0
384.5;385.5;762.5;755.5;6.599999904632568;6.900000095367432;0.0;0.0
429.5;430.5;762.5;755.5;22.700000762939453;22.700000762939453;1.0;1.0
203.5;204.5;761.5;755.5;22.799999237060547;22.700000762939453;1.0;1.0
