x_pre;x_post;y_pre;y_post;r_pre;r_post;sz_pre;sz_post
13.5;12.5;616.5;608.5;6.900000095367432;6.599999904632568;0.0;0.0
149.5;147.5;616.5;609.5;7.0;6.599999904632568;0.0;0.0
420.5;419.5;617.5;610.5;6.199999809265137;6.599999904632568;0.0;0.0
194.5;192.5;616.5;609.5;6.0;6.900000095367432;0.0;0.0
375.5;374.5;617.5;610.5;6.900000095367432;6.900000095367432;0.0;0.0
466.5;464.5;617.5;611.5;6.900000095367432;6.900000095367432;0.0;0.0
