x_pre;x_post;y_pre;y_post;r_pre;r_post;sz_pre;sz_post
320.5;318.5;641.5;651.5;6.900000095367432;6.599999904632568;0.0;0.0
139.5;137.5;641.5;650.5;6.900000095367432;6.599999904632568;0.0;0.0
184.5;182.5;641.5;650.5;6.900000095367432;6.599999904632568;0.0;0.0
410.5;409.5;641.5;651.5;6.900000095367432;6.599999904632568;0.0;0.0
365.5;363.5;641.5;651.5;6.599999904632568;6.900000095367432;0.0;0.0
93.5;92.5;641.5;650.5;7.0;6.900000095367432;0.0;0.0
501.5;544.5;641.5;651.5;7.0;6.900000095367432;0.0;0.0
