x_pre;x_post;y_pre;y_post;r_pre;r_post;sz_pre;sz_post
482.5;480.5;650.5;655.5;6.900000095367432;6.900000095367432;0.0;0.0
120.5;118.5;649.5;653.5;6.599999904632568;6.900000095367432;0.0;0.0
437.5;435.5;650.5;655.5;6.900000095367432;6.900000095367432;0.0;0.0
256.5;254.5;650.5;654.5;6.900000095367432;6.599999904632568;0.0;0.0
572.5;571.5;650.5;655.5;6.900000095367432;6.900000095367432;0.0;0.0
346.5;345.5;650.5;654.5;6.900000095367432;6.199999809265137;0.0;0.0
301.5;299.5;650.5;654.5;22.700000762939453;22.799999237060547;1.0;1.0
527.5;525.5;650.5;655.5;22.899999618530273;22.899999618530273;1.0;1.0
75.5;73.5;649.5;653.5;22.799999237060547;21.799999237060547;1.0;1.0
